name,win_rate,pick_rate,sample_size
靈巧披風,0.5186,0.8554,0
十字鎬,0.5213,0.8382,0
蒐集者,0.5390999999999999,0.7859,0
長劍,0.5274,0.7169,0
輕靈之靴,0.5311,0.6305,0
暴風之劍,0.5404,0.43670000000000003,0
短劍,0.5266,0.4189,0
無盡之刃,0.5494,0.3408,0
殘暴之力,0.5354,0.3118,0
鞋子,0.5463,0.2339,0
126697,0.5501,0.21420000000000003,0
狂熱雙刀,0.5141,0.2064,0
3144,0.5131,0.1725,0
考菲爾德的戰槌,0.5181,0.1685,0
衝擊火炮,0.5112,0.1629,0
公理弧刃,0.5679,0.1226,0
兇殘之柄,0.5646,0.0746,0
發光結晶,0.5374,0.0723,0
最後耳語,0.5453,0.063,0
